comment_id,comment,emotion,start_entity,path,final_score,emotion_w_score,sem_score,emotion_chain,rank
45,çŽ°åœ¨å¤§æˆ˜åœºå°±æ˜¯åžƒåœ¾ä¸­çš„åžƒåœ¾ï¼Œæ–°å¹²å‘˜ä»¥åŠæ–°åœ°å›¾æ›´æ˜¯è®©ä¸‰è§’æ´²ðŸ’©ä¸ŠåŠ è„²ä¸€æ ·éš¾å—,Disgust,ä¸‰è§’æ´²,ä¸‰è§’æ´² èžåˆ æˆ˜åœ°ç³»åˆ—ï¼Œé€ƒç¦»å¡”ç§‘å¤«ç­‰æ¸¸æˆç‰¹ç‚¹,0.747044894695282,0.8,0.7338061,èžåˆ(âœ“)[Disgust],1
45,çŽ°åœ¨å¤§æˆ˜åœºå°±æ˜¯åžƒåœ¾ä¸­çš„åžƒåœ¾ï¼Œæ–°å¹²å‘˜ä»¥åŠæ–°åœ°å›¾æ›´æ˜¯è®©ä¸‰è§’æ´²ðŸ’©ä¸ŠåŠ è„²ä¸€æ ·éš¾å—,Disgust,ä¸‰è§’æ´²,ä¸‰è§’æ´² æ˜¯ è…¾è®¯æ¸¸æˆ é€¼æ°ª çŽ©å®¶,0.7311724090576172,0.45,0.8014655,æ˜¯[Neutral] > é€¼æ°ª(âœ“)[Disgust],2
45,çŽ°åœ¨å¤§æˆ˜åœºå°±æ˜¯åžƒåœ¾ä¸­çš„åžƒåœ¾ï¼Œæ–°å¹²å‘˜ä»¥åŠæ–°åœ°å›¾æ›´æ˜¯è®©ä¸‰è§’æ´²ðŸ’©ä¸ŠåŠ è„²ä¸€æ ·éš¾å—,Disgust,ä¸‰è§’æ´²,ä¸‰è§’æ´² æ˜¯ è…¾è®¯æ¸¸æˆ æ——ä¸‹ ä¸‰è§’æ´² èžåˆ æˆ˜åœ°ç³»åˆ—ï¼Œé€ƒç¦»å¡”ç§‘å¤«ç­‰æ¸¸æˆç‰¹ç‚¹,0.7078390757242838,0.3333333333333333,0.8014655,æ˜¯[Neutral] > æ——ä¸‹[Neutral] > èžåˆ(âœ“)[Disgust],3
46,ä»Žæ¥ä¸çŽ©è…¾è®¯æ¸¸æˆ,Disgust,è…¾è®¯æ¸¸æˆ,è…¾è®¯æ¸¸æˆ é€¼æ°ª çŽ©å®¶,0.7601650094985962,0.8,0.75020623,é€¼æ°ª(âœ“)[Disgust],1
46,ä»Žæ¥ä¸çŽ©è…¾è®¯æ¸¸æˆ,Disgust,è…¾è®¯æ¸¸æˆ,è…¾è®¯æ¸¸æˆ æ——ä¸‹ ä¸‰è§’æ´² èžåˆ æˆ˜åœ°ç³»åˆ—ï¼Œé€ƒç¦»å¡”ç§‘å¤«ç­‰æ¸¸æˆç‰¹ç‚¹,0.6883824133872986,0.45,0.747978,æ——ä¸‹[Neutral] > èžåˆ(âœ“)[Disgust],2
46,ä»Žæ¥ä¸çŽ©è…¾è®¯æ¸¸æˆ,Disgust,è…¾è®¯æ¸¸æˆ,è…¾è®¯æ¸¸æˆ æ——ä¸‹ ä¸‰è§’æ´² æ˜¯ è…¾è®¯æ¸¸æˆ é€¼æ°ª çŽ©å®¶,0.6668316761652628,0.3333333333333333,0.75020623,æ——ä¸‹[Neutral] > æ˜¯[Neutral] > é€¼æ°ª(âœ“)[Disgust],3
51,txä»Žæ¥æ²¡æœ‰è¿‡è‡ªå·±æƒ³çœŸçœŸæ­£æ­£çš„åšä¸€æ¬¾ä»£è¡¨è‡ªå·±çš„æ¸¸æˆã€‚ä¸‰è§’æ´²è¡ŒåŠ¨ç¼åˆçš„é‚£ä¹ˆå¤šæ— éžå°±æ˜¯æƒ³è¯•æŽ¢çŽ©å®¶çš„å–œå¥½å’Œååº”ï¼Œå“ªä¸ªæ¨¡å¼çŽ©çš„äººå¤šæˆ–è€…å“ªä¸ªæ¨¡å¼æ°ªé‡‘çŽ©å®¶å¤šå°±ç€é‡æ›´æ–°å’Œä¼˜åŒ–ï¼Œè‡³äºŽå…¶ä»–æ¨¡å¼å°±æƒ³èµ·æ¥æ›´æ–°ä¸€ä¸‹ï¼Œæƒ³ä¸èµ·æ¥å°±ç®—äº†ï¼Œå®žé™…ä¸Šè¿˜æ˜¯cfå’Œé€†æˆ˜çš„è¿è¥æ€ç»´èƒ½èµšé’±å°±è¡Œï¼Œè‡³äºŽç”»è´¨ï¼ŒçŽ©æ³•ï¼Œä¼˜åŒ–è¿™äº›éƒ½æ˜¯æ¬¡è¦ï¼Œtxä¸ç¼ºæ¸¸æˆçŽ©å®¶ï¼Œåªè¦çŽ©æ³•å¤šå’Œé—¨æ§›ä½Žï¼Œä¸€æ®µæ—¶é—´å†…æ ¹æœ¬ä¸æ„çŽ©å®¶æ•°é‡ï¼Œè¿™æ®µæ—¶é—´è¶³å¤Ÿtxæ‰¾å¥½æ›´æ–°é‡ç‚¹é’ˆå¯¹æ€§æ›´æ–°ï¼Œç„¶åŽçŽ©å®¶å’Œæ°ªé‡‘æ•°é‡ä¸ŠåŽ»å°±å¼€å§‹ä¸åšäººï¼Œå‰æœŸçŽ©å®¶æ˜¯çˆ·ï¼ŒåŽæœŸç­–åˆ’æ˜¯çˆ·ï¼ŒåŽæœŸåæ­£æˆ‘æ€Žä¹ˆæ›´æ–°éƒ½æœ‰äººçŽ©å’Œæ°ªé‡‘ä¸èˆå¾—é€€ä»¥æ­¤å¾ªçŽ¯ï¼Œtxåšæ¸¸æˆå”¯ä¸€èƒ½ç¡®å®šçš„å°±æ˜¯é—¨æ§›ä½Ž,Disgust,ä¸‰è§’æ´²,ä¸‰è§’æ´² èžåˆ æˆ˜åœ°ç³»åˆ—ï¼Œé€ƒç¦»å¡”ç§‘å¤«ç­‰æ¸¸æˆç‰¹ç‚¹,0.7738821840286255,0.8,0.7673527,èžåˆ(âœ“)[Disgust],1
51,txä»Žæ¥æ²¡æœ‰è¿‡è‡ªå·±æƒ³çœŸçœŸæ­£æ­£çš„åšä¸€æ¬¾ä»£è¡¨è‡ªå·±çš„æ¸¸æˆã€‚ä¸‰è§’æ´²è¡ŒåŠ¨ç¼åˆçš„é‚£ä¹ˆå¤šæ— éžå°±æ˜¯æƒ³è¯•æŽ¢çŽ©å®¶çš„å–œå¥½å’Œååº”ï¼Œå“ªä¸ªæ¨¡å¼çŽ©çš„äººå¤šæˆ–è€…å“ªä¸ªæ¨¡å¼æ°ªé‡‘çŽ©å®¶å¤šå°±ç€é‡æ›´æ–°å’Œä¼˜åŒ–ï¼Œè‡³äºŽå…¶ä»–æ¨¡å¼å°±æƒ³èµ·æ¥æ›´æ–°ä¸€ä¸‹ï¼Œæƒ³ä¸èµ·æ¥å°±ç®—äº†ï¼Œå®žé™…ä¸Šè¿˜æ˜¯cfå’Œé€†æˆ˜çš„è¿è¥æ€ç»´èƒ½èµšé’±å°±è¡Œï¼Œè‡³äºŽç”»è´¨ï¼ŒçŽ©æ³•ï¼Œä¼˜åŒ–è¿™äº›éƒ½æ˜¯æ¬¡è¦ï¼Œtxä¸ç¼ºæ¸¸æˆçŽ©å®¶ï¼Œåªè¦çŽ©æ³•å¤šå’Œé—¨æ§›ä½Žï¼Œä¸€æ®µæ—¶é—´å†…æ ¹æœ¬ä¸æ„çŽ©å®¶æ•°é‡ï¼Œè¿™æ®µæ—¶é—´è¶³å¤Ÿtxæ‰¾å¥½æ›´æ–°é‡ç‚¹é’ˆå¯¹æ€§æ›´æ–°ï¼Œç„¶åŽçŽ©å®¶å’Œæ°ªé‡‘æ•°é‡ä¸ŠåŽ»å°±å¼€å§‹ä¸åšäººï¼Œå‰æœŸçŽ©å®¶æ˜¯çˆ·ï¼ŒåŽæœŸç­–åˆ’æ˜¯çˆ·ï¼ŒåŽæœŸåæ­£æˆ‘æ€Žä¹ˆæ›´æ–°éƒ½æœ‰äººçŽ©å’Œæ°ªé‡‘ä¸èˆå¾—é€€ä»¥æ­¤å¾ªçŽ¯ï¼Œtxåšæ¸¸æˆå”¯ä¸€èƒ½ç¡®å®šçš„å°±æ˜¯é—¨æ§›ä½Ž,Disgust,ä¸‰è§’æ´²,ä¸‰è§’æ´² æ˜¯ è…¾è®¯æ¸¸æˆ é€¼æ°ª çŽ©å®¶,0.7638514304161071,0.45,0.84231424,æ˜¯[Neutral] > é€¼æ°ª(âœ“)[Disgust],2
51,txä»Žæ¥æ²¡æœ‰è¿‡è‡ªå·±æƒ³çœŸçœŸæ­£æ­£çš„åšä¸€æ¬¾ä»£è¡¨è‡ªå·±çš„æ¸¸æˆã€‚ä¸‰è§’æ´²è¡ŒåŠ¨ç¼åˆçš„é‚£ä¹ˆå¤šæ— éžå°±æ˜¯æƒ³è¯•æŽ¢çŽ©å®¶çš„å–œå¥½å’Œååº”ï¼Œå“ªä¸ªæ¨¡å¼çŽ©çš„äººå¤šæˆ–è€…å“ªä¸ªæ¨¡å¼æ°ªé‡‘çŽ©å®¶å¤šå°±ç€é‡æ›´æ–°å’Œä¼˜åŒ–ï¼Œè‡³äºŽå…¶ä»–æ¨¡å¼å°±æƒ³èµ·æ¥æ›´æ–°ä¸€ä¸‹ï¼Œæƒ³ä¸èµ·æ¥å°±ç®—äº†ï¼Œå®žé™…ä¸Šè¿˜æ˜¯cfå’Œé€†æˆ˜çš„è¿è¥æ€ç»´èƒ½èµšé’±å°±è¡Œï¼Œè‡³äºŽç”»è´¨ï¼ŒçŽ©æ³•ï¼Œä¼˜åŒ–è¿™äº›éƒ½æ˜¯æ¬¡è¦ï¼Œtxä¸ç¼ºæ¸¸æˆçŽ©å®¶ï¼Œåªè¦çŽ©æ³•å¤šå’Œé—¨æ§›ä½Žï¼Œä¸€æ®µæ—¶é—´å†…æ ¹æœ¬ä¸æ„çŽ©å®¶æ•°é‡ï¼Œè¿™æ®µæ—¶é—´è¶³å¤Ÿtxæ‰¾å¥½æ›´æ–°é‡ç‚¹é’ˆå¯¹æ€§æ›´æ–°ï¼Œç„¶åŽçŽ©å®¶å’Œæ°ªé‡‘æ•°é‡ä¸ŠåŽ»å°±å¼€å§‹ä¸åšäººï¼Œå‰æœŸçŽ©å®¶æ˜¯çˆ·ï¼ŒåŽæœŸç­–åˆ’æ˜¯çˆ·ï¼ŒåŽæœŸåæ­£æˆ‘æ€Žä¹ˆæ›´æ–°éƒ½æœ‰äººçŽ©å’Œæ°ªé‡‘ä¸èˆå¾—é€€ä»¥æ­¤å¾ªçŽ¯ï¼Œtxåšæ¸¸æˆå”¯ä¸€èƒ½ç¡®å®šçš„å°±æ˜¯é—¨æ§›ä½Ž,Disgust,ä¸‰è§’æ´²,ä¸‰è§’æ´² æ˜¯ è…¾è®¯æ¸¸æˆ æ——ä¸‹ ä¸‰è§’æ´² èžåˆ æˆ˜åœ°ç³»åˆ—ï¼Œé€ƒç¦»å¡”ç§‘å¤«ç­‰æ¸¸æˆç‰¹ç‚¹,0.7405180970827738,0.3333333333333333,0.84231424,æ˜¯[Neutral] > æ——ä¸‹[Neutral] > èžåˆ(âœ“)[Disgust],3
60,è¿™æ¸¸æˆå¤§ä¿é™©ç®±å°±æ˜¯ç¬‘è¯[doge],Disgust,å¤§ä¿é™©ç®±,å¤§ä¿é™©ç®± æ˜¯ é«˜ä»·å€¼å®¹å™¨,0.6593048763275147,0.1,0.7991311,æ˜¯[Neutral],1
60,è¿™æ¸¸æˆå¤§ä¿é™©ç®±å°±æ˜¯ç¬‘è¯[doge],Disgust,å¤§ä¿é™©ç®±,å¤§ä¿é™©ç®± æ˜¯ é«˜ä»·å€¼å®¹å™¨ ä¼šå‡ºçŽ° é«˜ä»·å€¼ç‰©å“,0.6593048763275147,0.1,0.7991311,æ˜¯[Neutral] > ä¼šå‡ºçŽ°[Expectation],2
60,è¿™æ¸¸æˆå¤§ä¿é™©ç®±å°±æ˜¯ç¬‘è¯[doge],Disgust,å¤§ä¿é™©ç®±,å¤§ä¿é™©ç®± æ˜¯ é«˜ä»·å€¼å®¹å™¨ ä¼šå‡ºçŽ° é«˜ä»·å€¼ç‰©å“ åŒ…æ‹¬ çº¢è‰²ç‰©å“,0.6593048763275147,0.10000000000000002,0.7991311,æ˜¯[Neutral] > ä¼šå‡ºçŽ°[Expectation] > åŒ…æ‹¬[Neutral],3
70,å…«å®ç²¥è¡ŒåŠ¨ä¸å¥½çŽ©ï¼Œæ¥çŽ©æš—åŒºæ— é™ã€‚,Disgust,å…«å®ç²¥,å…«å®ç²¥ è¢«ç”Ÿäº§ é“¶é¹­ ç”Ÿäº§ å…«å®ç²¥,0.5702769351005554,0.1,0.6878462,è¢«ç”Ÿäº§[Anger] > ç”Ÿäº§[Anger],1
70,å…«å®ç²¥è¡ŒåŠ¨ä¸å¥½çŽ©ï¼Œæ¥çŽ©æš—åŒºæ— é™ã€‚,Disgust,å…«å®ç²¥,å…«å®ç²¥ è¢«ç”Ÿäº§ é“¶é¹­,0.5702615571022034,0.1,0.68782693,è¢«ç”Ÿäº§[Anger],2
74,ä¸‰è§’æ´²å°±æ˜¯é»„ç£Šï¼Œæ ·æ ·é€šæ ·æ ·æ¾ï¼Œè¿˜æœ‰ä¸€ç¾¤äººæ§è‡­è„šã€‚,Disgust,ä¸‰è§’æ´²,ä¸‰è§’æ´² èžåˆ æˆ˜åœ°ç³»åˆ—ï¼Œé€ƒç¦»å¡”ç§‘å¤«ç­‰æ¸¸æˆç‰¹ç‚¹,0.7461637592315674,0.8,0.7327047,èžåˆ(âœ“)[Disgust],1
74,ä¸‰è§’æ´²å°±æ˜¯é»„ç£Šï¼Œæ ·æ ·é€šæ ·æ ·æ¾ï¼Œè¿˜æœ‰ä¸€ç¾¤äººæ§è‡­è„šã€‚,Disgust,ä¸‰è§’æ´²,ä¸‰è§’æ´² æ˜¯ è…¾è®¯æ¸¸æˆ é€¼æ°ª çŽ©å®¶,0.7293049359321594,0.45,0.79913116,æ˜¯[Neutral] > é€¼æ°ª(âœ“)[Disgust],2
74,ä¸‰è§’æ´²å°±æ˜¯é»„ç£Šï¼Œæ ·æ ·é€šæ ·æ ·æ¾ï¼Œè¿˜æœ‰ä¸€ç¾¤äººæ§è‡­è„šã€‚,Disgust,ä¸‰è§’æ´²,ä¸‰è§’æ´² æ˜¯ è…¾è®¯æ¸¸æˆ æ——ä¸‹ ä¸‰è§’æ´² èžåˆ æˆ˜åœ°ç³»åˆ—ï¼Œé€ƒç¦»å¡”ç§‘å¤«ç­‰æ¸¸æˆç‰¹ç‚¹,0.7059716025988261,0.3333333333333333,0.79913116,æ˜¯[Neutral] > æ——ä¸‹[Neutral] > èžåˆ(âœ“)[Disgust],3
76,ä¸‰è§’æ´²çƒ½ç«æ¨¡å¼é›·è¾¾ç‹—ä¸€å †è¿˜å°ä¸äº†,Disgust,ä¸‰è§’æ´²,ä¸‰è§’æ´² èžåˆ æˆ˜åœ°ç³»åˆ—ï¼Œé€ƒç¦»å¡”ç§‘å¤«ç­‰æ¸¸æˆç‰¹ç‚¹,0.7440784311294556,0.8,0.730098,èžåˆ(âœ“)[Disgust],1
76,ä¸‰è§’æ´²çƒ½ç«æ¨¡å¼é›·è¾¾ç‹—ä¸€å †è¿˜å°ä¸äº†,Disgust,ä¸‰è§’æ´²,ä¸‰è§’æ´² æ˜¯ è…¾è®¯æ¸¸æˆ é€¼æ°ª çŽ©å®¶,0.6766058468818664,0.45,0.7332573,æ˜¯[Neutral] > é€¼æ°ª(âœ“)[Disgust],2
76,ä¸‰è§’æ´²çƒ½ç«æ¨¡å¼é›·è¾¾ç‹—ä¸€å †è¿˜å°ä¸äº†,Disgust,ä¸‰è§’æ´²,ä¸‰è§’æ´² æ˜¯ è…¾è®¯æ¸¸æˆ æ——ä¸‹ ä¸‰è§’æ´² èžåˆ æˆ˜åœ°ç³»åˆ—ï¼Œé€ƒç¦»å¡”ç§‘å¤«ç­‰æ¸¸æˆç‰¹ç‚¹,0.6750612298647563,0.3333333333333333,0.76049316,æ˜¯[Neutral] > æ——ä¸‹[Neutral] > èžåˆ(âœ“)[Disgust],3
77,ä¸‰è§’æ´²èµ·ç æ¯”æˆ‘èŠ±30ä¹°çš„æˆ˜åœ°1å¥½çŽ©ï¼ŒæŒ‚ä¸ªåŠ é€Ÿå™¨éƒ½æœ‰80ä»¥ä¸Šå»¶è¿Ÿï¼Œæ²™å¨çŽ›æ˜¯ä»€ä¹ˆç‹—å±Žæ¸¸æˆå…è´¹æˆ‘éƒ½ä¸çŽ©,Disgust,ä¸‰è§’æ´²,ä¸‰è§’æ´² æ˜¯ è…¾è®¯æ¸¸æˆ é€¼æ°ª çŽ©å®¶,0.7638514304161071,0.45,0.84231424,æ˜¯[Neutral] > é€¼æ°ª(âœ“)[Disgust],1
77,ä¸‰è§’æ´²èµ·ç æ¯”æˆ‘èŠ±30ä¹°çš„æˆ˜åœ°1å¥½çŽ©ï¼ŒæŒ‚ä¸ªåŠ é€Ÿå™¨éƒ½æœ‰80ä»¥ä¸Šå»¶è¿Ÿï¼Œæ²™å¨çŽ›æ˜¯ä»€ä¹ˆç‹—å±Žæ¸¸æˆå…è´¹æˆ‘éƒ½ä¸çŽ©,Disgust,ä¸‰è§’æ´²,ä¸‰è§’æ´² èžåˆ æˆ˜åœ°ç³»åˆ—ï¼Œé€ƒç¦»å¡”ç§‘å¤«ç­‰æ¸¸æˆç‰¹ç‚¹,0.7625058627128601,0.8,0.7531323,èžåˆ(âœ“)[Disgust],2
77,ä¸‰è§’æ´²èµ·ç æ¯”æˆ‘èŠ±30ä¹°çš„æˆ˜åœ°1å¥½çŽ©ï¼ŒæŒ‚ä¸ªåŠ é€Ÿå™¨éƒ½æœ‰80ä»¥ä¸Šå»¶è¿Ÿï¼Œæ²™å¨çŽ›æ˜¯ä»€ä¹ˆç‹—å±Žæ¸¸æˆå…è´¹æˆ‘éƒ½ä¸çŽ©,Disgust,ä¸‰è§’æ´²,ä¸‰è§’æ´² æ˜¯ è…¾è®¯æ¸¸æˆ æ——ä¸‹ ä¸‰è§’æ´² èžåˆ æˆ˜åœ°ç³»åˆ—ï¼Œé€ƒç¦»å¡”ç§‘å¤«ç­‰æ¸¸æˆç‰¹ç‚¹,0.7405180970827738,0.3333333333333333,0.84231424,æ˜¯[Neutral] > æ——ä¸‹[Neutral] > èžåˆ(âœ“)[Disgust],3
80,åˆšæ‰“ä¸€å±€ä¸‰è§’æ´²ï¼Œå‘çŽ°æœ‰ä¸ªé˜Ÿå‹0æ€25æ­»ã€‚åˆ°åº•ä»€ä¹ˆæ ·çš„äººæ‰èƒ½åšåˆ°å…¨åœºä¸‹æ¥0æ€è¿˜æ­»äº†25æ¬¡ã€‚,Disgust,ä¸‰è§’æ´²,ä¸‰è§’æ´² èžåˆ æˆ˜åœ°ç³»åˆ—ï¼Œé€ƒç¦»å¡”ç§‘å¤«ç­‰æ¸¸æˆç‰¹ç‚¹,0.747044894695282,0.8,0.7338061,èžåˆ(âœ“)[Disgust],1
80,åˆšæ‰“ä¸€å±€ä¸‰è§’æ´²ï¼Œå‘çŽ°æœ‰ä¸ªé˜Ÿå‹0æ€25æ­»ã€‚åˆ°åº•ä»€ä¹ˆæ ·çš„äººæ‰èƒ½åšåˆ°å…¨åœºä¸‹æ¥0æ€è¿˜æ­»äº†25æ¬¡ã€‚,Disgust,ä¸‰è§’æ´²,ä¸‰è§’æ´² æ˜¯ è…¾è®¯æ¸¸æˆ é€¼æ°ª çŽ©å®¶,0.7311724090576172,0.45,0.8014655,æ˜¯[Neutral] > é€¼æ°ª(âœ“)[Disgust],2
80,åˆšæ‰“ä¸€å±€ä¸‰è§’æ´²ï¼Œå‘çŽ°æœ‰ä¸ªé˜Ÿå‹0æ€25æ­»ã€‚åˆ°åº•ä»€ä¹ˆæ ·çš„äººæ‰èƒ½åšåˆ°å…¨åœºä¸‹æ¥0æ€è¿˜æ­»äº†25æ¬¡ã€‚,Disgust,ä¸‰è§’æ´²,ä¸‰è§’æ´² æ˜¯ è…¾è®¯æ¸¸æˆ æ——ä¸‹ ä¸‰è§’æ´² èžåˆ æˆ˜åœ°ç³»åˆ—ï¼Œé€ƒç¦»å¡”ç§‘å¤«ç­‰æ¸¸æˆç‰¹ç‚¹,0.7078390757242838,0.3333333333333333,0.8014655,æ˜¯[Neutral] > æ——ä¸‹[Neutral] > èžåˆ(âœ“)[Disgust],3
82,ä¸‰è§’æ´²è¯´å®žè¯ï¼Œå’Œæœ‹å‹çŽ©è¿˜æŒºå¥½çŽ©çš„ï¼Œè‡ªå·±çŽ©æ²¡å•¥æ„æ€ï¼Œä¹‹å‰è®©ä»–ä»¬çŽ©æˆ˜åœ°1å’Œ5ï¼Œå…‰æ˜¯è®©ä»–ä»¬æ³¨å†Œsteamå°±ååˆ†éº»çƒ¦ï¼Œä¹°äº†æ¸¸æˆè¿˜å¾—ä¹°ä¸ªåŠ é€Ÿå™¨VIPï¼Œå¼€å¯æ¸¸æˆåˆè¦æ³¨å†ŒEAè´¦å·ï¼Œæœ€æ¶å¿ƒçš„å°±æ˜¯ç‚¹äº†å¯åŠ¨ä½†æ˜¯æ¸¸æˆå°±æ˜¯æ­»æ´»ä¸è¿›åŽ»ï¼Œä¸‰è§’æ´²ç›´æŽ¥WeGameç™»å½•å°±å®Œäº‹äº†[ç¬‘å“­],Disgust,ä¸‰è§’æ´²,ä¸‰è§’æ´² èžåˆ æˆ˜åœ°ç³»åˆ—ï¼Œé€ƒç¦»å¡”ç§‘å¤«ç­‰æ¸¸æˆç‰¹ç‚¹,0.7595391011238098,0.8,0.74942386,èžåˆ(âœ“)[Disgust],1
82,ä¸‰è§’æ´²è¯´å®žè¯ï¼Œå’Œæœ‹å‹çŽ©è¿˜æŒºå¥½çŽ©çš„ï¼Œè‡ªå·±çŽ©æ²¡å•¥æ„æ€ï¼Œä¹‹å‰è®©ä»–ä»¬çŽ©æˆ˜åœ°1å’Œ5ï¼Œå…‰æ˜¯è®©ä»–ä»¬æ³¨å†Œsteamå°±ååˆ†éº»çƒ¦ï¼Œä¹°äº†æ¸¸æˆè¿˜å¾—ä¹°ä¸ªåŠ é€Ÿå™¨VIPï¼Œå¼€å¯æ¸¸æˆåˆè¦æ³¨å†ŒEAè´¦å·ï¼Œæœ€æ¶å¿ƒçš„å°±æ˜¯ç‚¹äº†å¯åŠ¨ä½†æ˜¯æ¸¸æˆå°±æ˜¯æ­»æ´»ä¸è¿›åŽ»ï¼Œä¸‰è§’æ´²ç›´æŽ¥WeGameç™»å½•å°±å®Œäº‹äº†[ç¬‘å“­],Disgust,ä¸‰è§’æ´²,ä¸‰è§’æ´² æ˜¯ è…¾è®¯æ¸¸æˆ é€¼æ°ª çŽ©å®¶,0.7311724090576172,0.45,0.8014655,æ˜¯[Neutral] > é€¼æ°ª(âœ“)[Disgust],2
82,ä¸‰è§’æ´²è¯´å®žè¯ï¼Œå’Œæœ‹å‹çŽ©è¿˜æŒºå¥½çŽ©çš„ï¼Œè‡ªå·±çŽ©æ²¡å•¥æ„æ€ï¼Œä¹‹å‰è®©ä»–ä»¬çŽ©æˆ˜åœ°1å’Œ5ï¼Œå…‰æ˜¯è®©ä»–ä»¬æ³¨å†Œsteamå°±ååˆ†éº»çƒ¦ï¼Œä¹°äº†æ¸¸æˆè¿˜å¾—ä¹°ä¸ªåŠ é€Ÿå™¨VIPï¼Œå¼€å¯æ¸¸æˆåˆè¦æ³¨å†ŒEAè´¦å·ï¼Œæœ€æ¶å¿ƒçš„å°±æ˜¯ç‚¹äº†å¯åŠ¨ä½†æ˜¯æ¸¸æˆå°±æ˜¯æ­»æ´»ä¸è¿›åŽ»ï¼Œä¸‰è§’æ´²ç›´æŽ¥WeGameç™»å½•å°±å®Œäº‹äº†[ç¬‘å“­],Disgust,ä¸‰è§’æ´²,ä¸‰è§’æ´² æ˜¯ è…¾è®¯æ¸¸æˆ æ——ä¸‹ ä¸‰è§’æ´² èžåˆ æˆ˜åœ°ç³»åˆ—ï¼Œé€ƒç¦»å¡”ç§‘å¤«ç­‰æ¸¸æˆç‰¹ç‚¹,0.7078390757242838,0.3333333333333333,0.8014655,æ˜¯[Neutral] > æ——ä¸‹[Neutral] > èžåˆ(âœ“)[Disgust],3
87,ä¸ºä»€ä¹ˆä¸‰è§’æ´²æˆ‘çŽ©ç€æ„Ÿè§‰æ‰‹æ„Ÿå¾ˆæ€ªï¼Œç²˜è…»è…»çš„æ„Ÿè§‰ï¼Œæœ‰ç‚¹è¿Ÿé’,Disgust,ä¸‰è§’æ´²,ä¸‰è§’æ´² èžåˆ æˆ˜åœ°ç³»åˆ—ï¼Œé€ƒç¦»å¡”ç§‘å¤«ç­‰æ¸¸æˆç‰¹ç‚¹,0.7625058627128601,0.8,0.7531323,èžåˆ(âœ“)[Disgust],1
87,ä¸ºä»€ä¹ˆä¸‰è§’æ´²æˆ‘çŽ©ç€æ„Ÿè§‰æ‰‹æ„Ÿå¾ˆæ€ªï¼Œç²˜è…»è…»çš„æ„Ÿè§‰ï¼Œæœ‰ç‚¹è¿Ÿé’,Disgust,ä¸‰è§’æ´²,ä¸‰è§’æ´² æ˜¯ è…¾è®¯æ¸¸æˆ é€¼æ°ª çŽ©å®¶,0.7311724090576172,0.45,0.8014655,æ˜¯[Neutral] > é€¼æ°ª(âœ“)[Disgust],2
87,ä¸ºä»€ä¹ˆä¸‰è§’æ´²æˆ‘çŽ©ç€æ„Ÿè§‰æ‰‹æ„Ÿå¾ˆæ€ªï¼Œç²˜è…»è…»çš„æ„Ÿè§‰ï¼Œæœ‰ç‚¹è¿Ÿé’,Disgust,ä¸‰è§’æ´²,ä¸‰è§’æ´² æœ‰ ä¸‰è§’æ´²å®˜æ–¹ ç®¡ç† ä¸‰è§’æ´² èžåˆ æˆ˜åœ°ç³»åˆ—ï¼Œé€ƒç¦»å¡”ç§‘å¤«ç­‰æ¸¸æˆç‰¹ç‚¹,0.7088987867037455,0.3333333333333333,0.8027901,æœ‰[Neutral] > ç®¡ç†[Neutral] > èžåˆ(âœ“)[Disgust],3
93,å®žåœ¨å—ä¸äº†ä¸‰è§’æ´²ä¸€ä¸ªåœ°å›¾ï¼Œæ”»é˜²åœ°å›¾ï¼Œè¿›æ”»æ–¹å¯ä»¥æœ‰è½½å…·ï¼Œé˜²å®ˆæ–¹å±…é«˜ä¸´ä¸‹ï¼Œä½†æ˜¯é˜²å¾¡æ­¦å™¨å±…ç„¶ä¸èƒ½æœä¿¯è§†è§’å°„å‡»ï¼ŒAIåˆåŸºæœ¬ä¸ä¼šæ”»å‡»è½½å…·ï¼Œå®žåœ¨æƒ³ä¸é€šè¿™ä¹ˆè®¾è®¡åœ°å›¾çš„æ„ä¹‰,Disgust,ä¸‰è§’æ´²,ä¸‰è§’æ´² èžåˆ æˆ˜åœ°ç³»åˆ—ï¼Œé€ƒç¦»å¡”ç§‘å¤«ç­‰æ¸¸æˆç‰¹ç‚¹,0.7595391011238098,0.8,0.74942386,èžåˆ(âœ“)[Disgust],1
93,å®žåœ¨å—ä¸äº†ä¸‰è§’æ´²ä¸€ä¸ªåœ°å›¾ï¼Œæ”»é˜²åœ°å›¾ï¼Œè¿›æ”»æ–¹å¯ä»¥æœ‰è½½å…·ï¼Œé˜²å®ˆæ–¹å±…é«˜ä¸´ä¸‹ï¼Œä½†æ˜¯é˜²å¾¡æ­¦å™¨å±…ç„¶ä¸èƒ½æœä¿¯è§†è§’å°„å‡»ï¼ŒAIåˆåŸºæœ¬ä¸ä¼šæ”»å‡»è½½å…·ï¼Œå®žåœ¨æƒ³ä¸é€šè¿™ä¹ˆè®¾è®¡åœ°å›¾çš„æ„ä¹‰,Disgust,ä¸‰è§’æ´²,ä¸‰è§’æ´² æ˜¯ è…¾è®¯æ¸¸æˆ é€¼æ°ª çŽ©å®¶,0.7311724090576172,0.45,0.8014655,æ˜¯[Neutral] > é€¼æ°ª(âœ“)[Disgust],2
93,å®žåœ¨å—ä¸äº†ä¸‰è§’æ´²ä¸€ä¸ªåœ°å›¾ï¼Œæ”»é˜²åœ°å›¾ï¼Œè¿›æ”»æ–¹å¯ä»¥æœ‰è½½å…·ï¼Œé˜²å®ˆæ–¹å±…é«˜ä¸´ä¸‹ï¼Œä½†æ˜¯é˜²å¾¡æ­¦å™¨å±…ç„¶ä¸èƒ½æœä¿¯è§†è§’å°„å‡»ï¼ŒAIåˆåŸºæœ¬ä¸ä¼šæ”»å‡»è½½å…·ï¼Œå®žåœ¨æƒ³ä¸é€šè¿™ä¹ˆè®¾è®¡åœ°å›¾çš„æ„ä¹‰,Disgust,ä¸‰è§’æ´²,ä¸‰è§’æ´² æ˜¯ è…¾è®¯æ¸¸æˆ æ——ä¸‹ ä¸‰è§’æ´² èžåˆ æˆ˜åœ°ç³»åˆ—ï¼Œé€ƒç¦»å¡”ç§‘å¤«ç­‰æ¸¸æˆç‰¹ç‚¹,0.7078390757242838,0.3333333333333333,0.8014655,æ˜¯[Neutral] > æ——ä¸‹[Neutral] > èžåˆ(âœ“)[Disgust],3
98,"ä»–çš„ç”Ÿç‰©çˆ¹ä»¬éƒ½è¿˜åœ¨æˆ‘çš„ç›˜é‡Œå‘¢ï¼Œå…¬æµ‹ä¸€çŽ©å°±è§‰å¾—ä¸‰è§’æ´²ä¸ä¸‰ä¸å››çš„å¯ç¬‘ã€‚è€Œä¸”æ˜Žæ˜¾å°±ä¸æƒ³å¥½å¥½åšæ¸¸æˆï¼Œé’±å…¨èŠ±å¹¿å‘Šä¸Šäº†[ç¬‘å“­]ã€‚
ä¸€å¤©åˆ°æ™šbç«™å„ç§åˆ·å±éœ¸å ï¼ŒæŠ•å¹¿å‘Šè¯·ä¸»æ’­â€¦â€¦çœ‹çš„è¿˜å¤´å¤§ã€‚æœ‰è¿™å¿ƒæ€å“ªæ€•æŠ„ç‚¹ç”Ÿç‰©çˆ¹çš„ä¼˜ç‚¹ä¹Ÿä¸è‡³äºŽè®©æˆ‘å°è±¡è¿™ä¹ˆå·®[ç¬‘å“­]ï¼ŒçœŸæ˜¯çœ‹åˆ°å°±æ¶å¿ƒçŽ°åœ¨[ç¬‘å“­]",Disgust,ä¸‰è§’æ´²,ä¸‰è§’æ´² èžåˆ æˆ˜åœ°ç³»åˆ—ï¼Œé€ƒç¦»å¡”ç§‘å¤«ç­‰æ¸¸æˆç‰¹ç‚¹,0.7625058627128601,0.8,0.7531323,èžåˆ(âœ“)[Disgust],1
98,"ä»–çš„ç”Ÿç‰©çˆ¹ä»¬éƒ½è¿˜åœ¨æˆ‘çš„ç›˜é‡Œå‘¢ï¼Œå…¬æµ‹ä¸€çŽ©å°±è§‰å¾—ä¸‰è§’æ´²ä¸ä¸‰ä¸å››çš„å¯ç¬‘ã€‚è€Œä¸”æ˜Žæ˜¾å°±ä¸æƒ³å¥½å¥½åšæ¸¸æˆï¼Œé’±å…¨èŠ±å¹¿å‘Šä¸Šäº†[ç¬‘å“­]ã€‚
ä¸€å¤©åˆ°æ™šbç«™å„ç§åˆ·å±éœ¸å ï¼ŒæŠ•å¹¿å‘Šè¯·ä¸»æ’­â€¦â€¦çœ‹çš„è¿˜å¤´å¤§ã€‚æœ‰è¿™å¿ƒæ€å“ªæ€•æŠ„ç‚¹ç”Ÿç‰©çˆ¹çš„ä¼˜ç‚¹ä¹Ÿä¸è‡³äºŽè®©æˆ‘å°è±¡è¿™ä¹ˆå·®[ç¬‘å“­]ï¼ŒçœŸæ˜¯çœ‹åˆ°å°±æ¶å¿ƒçŽ°åœ¨[ç¬‘å“­]",Disgust,ä¸‰è§’æ´²,ä¸‰è§’æ´² æœ‰ ä¸‰è§’æ´²å®˜æ–¹ ç®¡ç† ä¸‰è§’æ´² èžåˆ æˆ˜åœ°ç³»åˆ—ï¼Œé€ƒç¦»å¡”ç§‘å¤«ç­‰æ¸¸æˆç‰¹ç‚¹,0.7379564682642619,0.3333333333333333,0.8391122,æœ‰[Neutral] > ç®¡ç†[Neutral] > èžåˆ(âœ“)[Disgust],2
98,"ä»–çš„ç”Ÿç‰©çˆ¹ä»¬éƒ½è¿˜åœ¨æˆ‘çš„ç›˜é‡Œå‘¢ï¼Œå…¬æµ‹ä¸€çŽ©å°±è§‰å¾—ä¸‰è§’æ´²ä¸ä¸‰ä¸å››çš„å¯ç¬‘ã€‚è€Œä¸”æ˜Žæ˜¾å°±ä¸æƒ³å¥½å¥½åšæ¸¸æˆï¼Œé’±å…¨èŠ±å¹¿å‘Šä¸Šäº†[ç¬‘å“­]ã€‚
ä¸€å¤©åˆ°æ™šbç«™å„ç§åˆ·å±éœ¸å ï¼ŒæŠ•å¹¿å‘Šè¯·ä¸»æ’­â€¦â€¦çœ‹çš„è¿˜å¤´å¤§ã€‚æœ‰è¿™å¿ƒæ€å“ªæ€•æŠ„ç‚¹ç”Ÿç‰©çˆ¹çš„ä¼˜ç‚¹ä¹Ÿä¸è‡³äºŽè®©æˆ‘å°è±¡è¿™ä¹ˆå·®[ç¬‘å“­]ï¼ŒçœŸæ˜¯çœ‹åˆ°å°±æ¶å¿ƒçŽ°åœ¨[ç¬‘å“­]",Disgust,ä¸‰è§’æ´²,ä¸‰è§’æ´² æ˜¯ è…¾è®¯æ¸¸æˆ é€¼æ°ª çŽ©å®¶,0.7311724686622619,0.45,0.8014656,æ˜¯[Neutral] > é€¼æ°ª(âœ“)[Disgust],3
102,ä¸‰è§’æ´²æˆ‘å°±æ˜¯ä½œä¸ºAPEXçš„å¹³æ›¿çš„ï¼Œå¸Œæœ›è¿™æ¸¸æˆèƒ½ä¸Šæ‰‹å°±çˆ½çªï¼Œä¸è¦åƒæ´¾ä¸€æ ·é’©å¼ç­–åˆ’ã€‚ç»“æžœæˆ‘ç™»ä¸Šæ¸¸æˆå°±æ„Ÿè§‰å¤´ç–¼ï¼Œå¤§åŽ…ç•Œé¢å¥½ç¹æ‚ã€‚,Disgust,ä¸‰è§’æ´²,ä¸‰è§’æ´² èžåˆ æˆ˜åœ°ç³»åˆ—ï¼Œé€ƒç¦»å¡”ç§‘å¤«ç­‰æ¸¸æˆç‰¹ç‚¹,0.7625058627128601,0.8,0.7531323,èžåˆ(âœ“)[Disgust],1
102,ä¸‰è§’æ´²æˆ‘å°±æ˜¯ä½œä¸ºAPEXçš„å¹³æ›¿çš„ï¼Œå¸Œæœ›è¿™æ¸¸æˆèƒ½ä¸Šæ‰‹å°±çˆ½çªï¼Œä¸è¦åƒæ´¾ä¸€æ ·é’©å¼ç­–åˆ’ã€‚ç»“æžœæˆ‘ç™»ä¸Šæ¸¸æˆå°±æ„Ÿè§‰å¤´ç–¼ï¼Œå¤§åŽ…ç•Œé¢å¥½ç¹æ‚ã€‚,Disgust,ä¸‰è§’æ´²,ä¸‰è§’æ´² æ˜¯ è…¾è®¯æ¸¸æˆ é€¼æ°ª çŽ©å®¶,0.7311724090576172,0.45,0.8014655,æ˜¯[Neutral] > é€¼æ°ª(âœ“)[Disgust],2
102,ä¸‰è§’æ´²æˆ‘å°±æ˜¯ä½œä¸ºAPEXçš„å¹³æ›¿çš„ï¼Œå¸Œæœ›è¿™æ¸¸æˆèƒ½ä¸Šæ‰‹å°±çˆ½çªï¼Œä¸è¦åƒæ´¾ä¸€æ ·é’©å¼ç­–åˆ’ã€‚ç»“æžœæˆ‘ç™»ä¸Šæ¸¸æˆå°±æ„Ÿè§‰å¤´ç–¼ï¼Œå¤§åŽ…ç•Œé¢å¥½ç¹æ‚ã€‚,Disgust,ä¸‰è§’æ´²,ä¸‰è§’æ´² æŽ¨å‡º çŒ›æ”»èŠ‚ æŽ¨å‡º å´å½¦ç¥–çš®è‚¤ åƒ å´å½¦ç¥–,0.7169050765037537,0.10000000000000002,0.8711313,æŽ¨å‡º[Expectation] > æŽ¨å‡º[Expectation] > åƒ[Joy],3
104,ä¹‹å‰æœ‰ä¸ªè¯„è®ºå¾ˆçœŸå®žå¤§æ¦‚æ„æ€å°±æ˜¯2042åœ¨åžƒåœ¾ä¹Ÿä¸æ˜¯ä¸‰è§’æ´²èƒ½æ¯”çš„[doge],Disgust,ä¸‰è§’æ´²,ä¸‰è§’æ´² èžåˆ æˆ˜åœ°ç³»åˆ—ï¼Œé€ƒç¦»å¡”ç§‘å¤«ç­‰æ¸¸æˆç‰¹ç‚¹,0.7627169227600098,0.8,0.75339615,èžåˆ(âœ“)[Disgust],1
104,ä¹‹å‰æœ‰ä¸ªè¯„è®ºå¾ˆçœŸå®žå¤§æ¦‚æ„æ€å°±æ˜¯2042åœ¨åžƒåœ¾ä¹Ÿä¸æ˜¯ä¸‰è§’æ´²èƒ½æ¯”çš„[doge],Disgust,ä¸‰è§’æ´²,ä¸‰è§’æ´² æ˜¯ è…¾è®¯æ¸¸æˆ é€¼æ°ª çŽ©å®¶,0.7348246836662292,0.45,0.80603087,æ˜¯[Neutral] > é€¼æ°ª(âœ“)[Disgust],2
104,ä¹‹å‰æœ‰ä¸ªè¯„è®ºå¾ˆçœŸå®žå¤§æ¦‚æ„æ€å°±æ˜¯2042åœ¨åžƒåœ¾ä¹Ÿä¸æ˜¯ä¸‰è§’æ´²èƒ½æ¯”çš„[doge],Disgust,ä¸‰è§’æ´²,ä¸‰è§’æ´² æ˜¯ è…¾è®¯æ¸¸æˆ æ——ä¸‹ ä¸‰è§’æ´² èžåˆ æˆ˜åœ°ç³»åˆ—ï¼Œé€ƒç¦»å¡”ç§‘å¤«ç­‰æ¸¸æˆç‰¹ç‚¹,0.7114913503328959,0.3333333333333333,0.80603087,æ˜¯[Neutral] > æ——ä¸‹[Neutral] > èžåˆ(âœ“)[Disgust],3
107,ä¸‰è§’æ´²ç›®å‰çŽ©èµ·æ¥ä»€ä¹ˆéƒ½å¾ˆå¥½ï¼Œä½†æ˜¯è¿™è´¨æ„ŸçœŸçš„å¾ˆæœ‰æ§½ç‚¹ã€‚æˆ˜åœ°äº”é‚£äº›æžªæ¢°ï¼Œå¦å…‹é£žæœºéƒ½ç›¸å½“æœ‰åŽ†å²çš„åŽšé‡æ„Ÿï¼Œé‡‘å±žåå…‰ï¼Œæ­¦å™¨çš„é•€é“¬çš®è‚¤å’Œæ‰“æž¶åŽç²˜æ³¥å¸¦è¡€çš„è¡¨é¢éžå¸¸å¸¦æ„Ÿã€‚å› æ­¤æˆ˜åœ°äº”é‡Œé¢ä»€ä¹ˆå¦å…‹çš®è‚¤æžªæ¢°çš®è‚¤æˆ‘éƒ½æ˜¯èƒ½æžå¾—åˆ°å°±æžã€‚ä¸‰è§’æ´²æ— è®ºä»€ä¹ˆæ­¦å™¨ï¼Œé‚£ç§å¡‘æ–™è´¨æ„Ÿå¤ªå¼ºäº†ï¼Œå¹¶ä¸”ä¹Ÿå¾ˆèŠ±é‡Œèƒ¡å“¨ï¼Œç”»è´¨ä¸Šå®žåœ¨æ²¡ä»€ä¹ˆèƒ½ç§°èµžçš„ç‚¹,Disgust,ä¸‰è§’æ´²,ä¸‰è§’æ´² æ˜¯ è…¾è®¯æ¸¸æˆ é€¼æ°ª çŽ©å®¶,0.7638514304161071,0.45,0.84231424,æ˜¯[Neutral] > é€¼æ°ª(âœ“)[Disgust],1
107,ä¸‰è§’æ´²ç›®å‰çŽ©èµ·æ¥ä»€ä¹ˆéƒ½å¾ˆå¥½ï¼Œä½†æ˜¯è¿™è´¨æ„ŸçœŸçš„å¾ˆæœ‰æ§½ç‚¹ã€‚æˆ˜åœ°äº”é‚£äº›æžªæ¢°ï¼Œå¦å…‹é£žæœºéƒ½ç›¸å½“æœ‰åŽ†å²çš„åŽšé‡æ„Ÿï¼Œé‡‘å±žåå…‰ï¼Œæ­¦å™¨çš„é•€é“¬çš®è‚¤å’Œæ‰“æž¶åŽç²˜æ³¥å¸¦è¡€çš„è¡¨é¢éžå¸¸å¸¦æ„Ÿã€‚å› æ­¤æˆ˜åœ°äº”é‡Œé¢ä»€ä¹ˆå¦å…‹çš®è‚¤æžªæ¢°çš®è‚¤æˆ‘éƒ½æ˜¯èƒ½æžå¾—åˆ°å°±æžã€‚ä¸‰è§’æ´²æ— è®ºä»€ä¹ˆæ­¦å™¨ï¼Œé‚£ç§å¡‘æ–™è´¨æ„Ÿå¤ªå¼ºäº†ï¼Œå¹¶ä¸”ä¹Ÿå¾ˆèŠ±é‡Œèƒ¡å“¨ï¼Œç”»è´¨ä¸Šå®žåœ¨æ²¡ä»€ä¹ˆèƒ½ç§°èµžçš„ç‚¹,Disgust,ä¸‰è§’æ´²,ä¸‰è§’æ´² èžåˆ æˆ˜åœ°ç³»åˆ—ï¼Œé€ƒç¦»å¡”ç§‘å¤«ç­‰æ¸¸æˆç‰¹ç‚¹,0.7625058627128601,0.8,0.7531323,èžåˆ(âœ“)[Disgust],2
107,ä¸‰è§’æ´²ç›®å‰çŽ©èµ·æ¥ä»€ä¹ˆéƒ½å¾ˆå¥½ï¼Œä½†æ˜¯è¿™è´¨æ„ŸçœŸçš„å¾ˆæœ‰æ§½ç‚¹ã€‚æˆ˜åœ°äº”é‚£äº›æžªæ¢°ï¼Œå¦å…‹é£žæœºéƒ½ç›¸å½“æœ‰åŽ†å²çš„åŽšé‡æ„Ÿï¼Œé‡‘å±žåå…‰ï¼Œæ­¦å™¨çš„é•€é“¬çš®è‚¤å’Œæ‰“æž¶åŽç²˜æ³¥å¸¦è¡€çš„è¡¨é¢éžå¸¸å¸¦æ„Ÿã€‚å› æ­¤æˆ˜åœ°äº”é‡Œé¢ä»€ä¹ˆå¦å…‹çš®è‚¤æžªæ¢°çš®è‚¤æˆ‘éƒ½æ˜¯èƒ½æžå¾—åˆ°å°±æžã€‚ä¸‰è§’æ´²æ— è®ºä»€ä¹ˆæ­¦å™¨ï¼Œé‚£ç§å¡‘æ–™è´¨æ„Ÿå¤ªå¼ºäº†ï¼Œå¹¶ä¸”ä¹Ÿå¾ˆèŠ±é‡Œèƒ¡å“¨ï¼Œç”»è´¨ä¸Šå®žåœ¨æ²¡ä»€ä¹ˆèƒ½ç§°èµžçš„ç‚¹,Disgust,ä¸‰è§’æ´²,ä¸‰è§’æ´² æ˜¯ è…¾è®¯æ¸¸æˆ æ——ä¸‹ ä¸‰è§’æ´² èžåˆ æˆ˜åœ°ç³»åˆ—ï¼Œé€ƒç¦»å¡”ç§‘å¤«ç­‰æ¸¸æˆç‰¹ç‚¹,0.7405180970827738,0.3333333333333333,0.84231424,æ˜¯[Neutral] > æ——ä¸‹[Neutral] > èžåˆ(âœ“)[Disgust],3
160,ä¸ºä»€ä¹ˆä¸‰è§’æ´²PCç«¯ä¸‹è½½æ¸¸æˆé€Ÿåº¦11MB/sä½†å´åƒäº†æˆ‘90å¤šMBçš„å®½å¸¦[é˜´é™©][é˜´é™©][é˜´é™©][é˜´é™©],Disgust,ä¸‰è§’æ´²,ä¸‰è§’æ´² èžåˆ æˆ˜åœ°ç³»åˆ—ï¼Œé€ƒç¦»å¡”ç§‘å¤«ç­‰æ¸¸æˆç‰¹ç‚¹,0.7625058627128601,0.8,0.7531323,èžåˆ(âœ“)[Disgust],1
160,ä¸ºä»€ä¹ˆä¸‰è§’æ´²PCç«¯ä¸‹è½½æ¸¸æˆé€Ÿåº¦11MB/sä½†å´åƒäº†æˆ‘90å¤šMBçš„å®½å¸¦[é˜´é™©][é˜´é™©][é˜´é™©][é˜´é™©],Disgust,ä¸‰è§’æ´²,ä¸‰è§’æ´² æ˜¯ è…¾è®¯æ¸¸æˆ é€¼æ°ª çŽ©å®¶,0.7311724090576172,0.45,0.8014655,æ˜¯[Neutral] > é€¼æ°ª(âœ“)[Disgust],2
160,ä¸ºä»€ä¹ˆä¸‰è§’æ´²PCç«¯ä¸‹è½½æ¸¸æˆé€Ÿåº¦11MB/sä½†å´åƒäº†æˆ‘90å¤šMBçš„å®½å¸¦[é˜´é™©][é˜´é™©][é˜´é™©][é˜´é™©],Disgust,ä¸‰è§’æ´²,ä¸‰è§’æ´² æ˜¯ è…¾è®¯æ¸¸æˆ æ——ä¸‹ ä¸‰è§’æ´² èžåˆ æˆ˜åœ°ç³»åˆ—ï¼Œé€ƒç¦»å¡”ç§‘å¤«ç­‰æ¸¸æˆç‰¹ç‚¹,0.7078390757242838,0.3333333333333333,0.8014655,æ˜¯[Neutral] > æ——ä¸‹[Neutral] > èžåˆ(âœ“)[Disgust],3
164,@ä¸‰è§’æ´²è¡ŒåŠ¨ ä»€ä¹ˆçŽ©æ„å„¿ï¼Ÿ,Disgust,ä¸‰è§’æ´²,ä¸‰è§’æ´² èžåˆ æˆ˜åœ°ç³»åˆ—ï¼Œé€ƒç¦»å¡”ç§‘å¤«ç­‰æ¸¸æˆç‰¹ç‚¹,0.7508203721046448,0.8,0.73852545,èžåˆ(âœ“)[Disgust],1
164,@ä¸‰è§’æ´²è¡ŒåŠ¨ ä»€ä¹ˆçŽ©æ„å„¿ï¼Ÿ,Disgust,ä¸‰è§’æ´²,ä¸‰è§’æ´² æ˜¯ è…¾è®¯æ¸¸æˆ é€¼æ°ª çŽ©å®¶,0.6716770792007446,0.45,0.7270963,æ˜¯[Neutral] > é€¼æ°ª(âœ“)[Disgust],2
164,@ä¸‰è§’æ´²è¡ŒåŠ¨ ä»€ä¹ˆçŽ©æ„å„¿ï¼Ÿ,Disgust,ä¸‰è§’æ´²,ä¸‰è§’æ´² æœ‰ ä¸‰è§’æ´²å®˜æ–¹ ç®¡ç† ä¸‰è§’æ´² èžåˆ æˆ˜åœ°ç³»åˆ—ï¼Œé€ƒç¦»å¡”ç§‘å¤«ç­‰æ¸¸æˆç‰¹ç‚¹,0.6710537711779276,0.3333333333333333,0.75548387,æœ‰[Neutral] > ç®¡ç†[Neutral] > èžåˆ(âœ“)[Disgust],3
176,ä¸ºä»€ä¹ˆä¸‰è§’æ´²PCç«¯ä¸‹è½½æ¸¸æˆé€Ÿåº¦11MB/sä½†å´åƒäº†æˆ‘90å¤šMBçš„å®½å¸¦[é˜´é™©][é˜´é™©][é˜´é™©][é˜´é™©],Disgust,ä¸‰è§’æ´²,ä¸‰è§’æ´² èžåˆ æˆ˜åœ°ç³»åˆ—ï¼Œé€ƒç¦»å¡”ç§‘å¤«ç­‰æ¸¸æˆç‰¹ç‚¹,0.7625058627128601,0.8,0.7531323,èžåˆ(âœ“)[Disgust],1
176,ä¸ºä»€ä¹ˆä¸‰è§’æ´²PCç«¯ä¸‹è½½æ¸¸æˆé€Ÿåº¦11MB/sä½†å´åƒäº†æˆ‘90å¤šMBçš„å®½å¸¦[é˜´é™©][é˜´é™©][é˜´é™©][é˜´é™©],Disgust,ä¸‰è§’æ´²,ä¸‰è§’æ´² æ˜¯ è…¾è®¯æ¸¸æˆ é€¼æ°ª çŽ©å®¶,0.7311724090576172,0.45,0.8014655,æ˜¯[Neutral] > é€¼æ°ª(âœ“)[Disgust],2
176,ä¸ºä»€ä¹ˆä¸‰è§’æ´²PCç«¯ä¸‹è½½æ¸¸æˆé€Ÿåº¦11MB/sä½†å´åƒäº†æˆ‘90å¤šMBçš„å®½å¸¦[é˜´é™©][é˜´é™©][é˜´é™©][é˜´é™©],Disgust,ä¸‰è§’æ´²,ä¸‰è§’æ´² æ˜¯ è…¾è®¯æ¸¸æˆ æ——ä¸‹ ä¸‰è§’æ´² èžåˆ æˆ˜åœ°ç³»åˆ—ï¼Œé€ƒç¦»å¡”ç§‘å¤«ç­‰æ¸¸æˆç‰¹ç‚¹,0.7078390757242838,0.3333333333333333,0.8014655,æ˜¯[Neutral] > æ——ä¸‹[Neutral] > èžåˆ(âœ“)[Disgust],3
180,è…¾è®¯æ¸¸æˆæœ€å¥½åˆ«çŽ©,Disgust,è…¾è®¯æ¸¸æˆ,è…¾è®¯æ¸¸æˆ é€¼æ°ª çŽ©å®¶,0.760165069103241,0.8,0.7502063,é€¼æ°ª(âœ“)[Disgust],1
180,è…¾è®¯æ¸¸æˆæœ€å¥½åˆ«çŽ©,Disgust,è…¾è®¯æ¸¸æˆ,è…¾è®¯æ¸¸æˆ æ——ä¸‹ ä¸‰è§’æ´² èžåˆ æˆ˜åœ°ç³»åˆ—ï¼Œé€ƒç¦»å¡”ç§‘å¤«ç­‰æ¸¸æˆç‰¹ç‚¹,0.6883823537826538,0.45,0.7479779,æ——ä¸‹[Neutral] > èžåˆ(âœ“)[Disgust],2
180,è…¾è®¯æ¸¸æˆæœ€å¥½åˆ«çŽ©,Disgust,è…¾è®¯æ¸¸æˆ,è…¾è®¯æ¸¸æˆ æ——ä¸‹ ä¸‰è§’æ´² æ˜¯ è…¾è®¯æ¸¸æˆ é€¼æ°ª çŽ©å®¶,0.6668317357699076,0.3333333333333333,0.7502063,æ——ä¸‹[Neutral] > æ˜¯[Neutral] > é€¼æ°ª(âœ“)[Disgust],3
